global_idx,Breast,Lung,Bowel,Prostate,Cervix,Skin,Myeloid,Lymphoid,Brain,Liver,Ovary,Stomach
852,0,0,0,0,0,0,1,0,1,0,0,0
1226,0,1,1,0,0,0,0,0,0,0,0,0
230,0,1,1,0,0,0,1,1,0,0,0,0
593,1,0,1,0,1,0,0,0,0,1,0,0
1687,1,1,1,0,1,0,1,0,0,1,1,1
1713,1,0,0,0,0,0,0,0,0,0,1,0
868,1,1,1,1,1,1,1,1,1,1,1,1
1035,0,1,0,0,0,0,0,0,0,0,1,0
583,0,0,1,0,0,0,0,0,0,0,1,0
881,1,0,1,0,0,0,0,0,0,0,0,0
1586,0,1,0,0,0,0,1,0,0,0,0,0
255,0,0,0,0,1,0,0,0,0,0,1,0
1681,1,0,0,1,0,0,0,0,0,0,0,0
332,1,1,1,1,1,1,1,0,0,1,1,1
126,1,0,0,0,0,1,1,1,0,0,0,0
21,1,0,0,0,0,1,0,0,0,0,1,1
764,1,1,1,1,1,1,1,1,1,1,1,1
749,0,0,1,1,1,0,1,1,1,1,0,1
1859,0,1,0,0,0,0,0,0,0,0,1,0
1942,1,0,1,0,0,1,1,0,0,0,0,0
1408,0,0,0,0,0,1,0,0,1,0,0,0
1447,1,0,0,0,0,0,0,0,1,0,0,0
1225,0,0,0,0,0,0,1,0,1,0,0,0
1732,0,0,0,1,0,0,0,0,1,0,0,0
1294,1,0,0,0,1,0,0,0,0,0,0,0
1952,1,0,0,1,1,1,1,1,0,0,0,0
1401,1,0,1,1,0,1,1,1,1,0,0,1
1696,0,0,0,0,1,0,0,0,0,1,0,0
973,0,1,1,0,1,1,0,0,0,0,0,0
1736,1,0,0,0,1,0,0,0,0,0,0,0
318,1,1,1,1,1,1,1,0,1,0,1,1
1552,0,0,1,0,1,0,0,0,0,0,0,0
1052,1,1,1,1,1,1,1,1,0,1,0,1
983,0,1,0,0,1,0,1,0,0,1,0,0
348,1,1,1,1,1,1,1,0,1,1,0,1
1212,1,1,1,1,1,1,1,1,1,1,1,1
823,1,0,0,0,1,1,1,1,0,1,0,0
374,1,1,1,1,1,1,1,1,0,1,0,1
485,0,1,0,0,1,0,0,0,0,0,0,0
1616,0,0,0,0,0,0,0,0,0,0,1,1
1906,1,0,0,0,0,1,0,0,1,0,1,0
388,0,1,0,1,0,0,0,0,0,0,0,0
884,0,1,0,0,0,1,0,0,0,0,0,0
524,1,1,1,1,1,1,1,1,1,1,1,1
479,1,1,0,1,1,1,0,0,1,1,0,1
144,0,0,1,0,1,0,0,0,1,0,0,1
1638,0,0,0,1,0,0,0,0,0,0,0,1
1236,0,0,1,0,0,0,0,0,0,0,0,1
1936,0,0,1,0,0,1,1,0,0,0,0,1
609,0,0,1,0,0,0,0,0,0,1,0,0
470,1,1,0,1,1,1,0,1,1,1,0,0
1254,0,1,0,0,0,0,0,0,0,1,0,0
1937,0,0,1,1,0,0,1,0,0,0,1,0
46,1,1,1,0,1,1,1,1,0,0,1,0
369,1,1,1,1,1,0,0,1,1,1,0,0
457,1,0,0,1,0,1,0,0,0,0,1,0
1882,1,1,0,0,0,1,0,0,1,0,0,0
507,1,1,1,1,1,1,1,1,0,0,1,1
26,1,1,0,0,0,0,0,1,0,0,1,0
1270,1,1,1,1,1,1,1,1,1,1,1,1
63,0,1,0,0,0,0,0,0,0,1,0,0
1795,0,0,0,0,1,0,1,1,0,0,1,0
1021,0,0,1,1,0,0,0,0,0,0,0,0
802,1,0,1,1,0,0,1,1,0,0,1,0
1910,0,0,0,0,1,1,0,1,1,0,0,0
1081,1,1,0,0,0,0,1,1,0,0,0,0
1384,0,0,1,0,0,0,0,0,0,0,0,1
128,0,0,0,0,1,1,0,0,0,0,0,0
223,0,0,0,1,0,1,0,0,0,0,0,0
795,1,1,1,1,1,1,1,0,0,0,1,0
1318,1,0,0,0,0,0,0,0,0,1,0,0
529,1,1,1,1,1,1,1,1,1,1,1,1
1629,1,0,0,0,0,1,0,0,0,0,0,0
1444,0,0,1,0,0,1,1,0,0,1,0,0
478,1,1,1,1,0,0,0,0,1,1,1,1
376,1,1,1,1,1,1,1,0,1,1,1,0
1252,0,0,1,1,0,1,1,0,0,0,0,0
302,1,1,1,1,1,1,1,1,1,1,0,0
1752,1,0,0,1,0,0,1,1,1,0,1,0
385,1,1,0,1,1,1,0,1,0,0,1,1
1034,0,1,0,0,0,0,0,1,0,0,0,0
1931,1,0,0,0,0,1,0,0,0,0,0,0
536,0,1,1,1,0,1,0,1,1,1,1,0
873,0,0,0,0,0,0,0,1,1,0,0,0
1149,0,1,0,0,0,0,0,0,1,1,0,1
498,0,1,1,0,0,0,1,1,0,1,0,1
1571,1,1,0,1,1,0,1,1,0,0,1,1
243,1,1,1,1,1,0,0,0,0,1,1,1
233,1,0,1,0,0,0,0,0,0,0,0,0
1288,0,0,1,0,0,0,0,0,0,1,0,0
1474,1,0,1,0,1,0,0,1,0,0,0,0
940,0,0,0,1,0,0,1,0,0,0,0,0
1674,0,0,1,1,1,0,0,0,1,1,0,1
125,1,0,0,1,0,0,0,0,0,0,0,0
1441,0,0,0,0,0,1,0,0,0,0,0,1
869,1,1,1,1,1,1,1,1,1,1,1,1
1388,0,0,1,0,0,0,0,0,1,0,0,0
155,0,0,0,0,1,0,0,0,1,0,0,0
157,0,1,1,0,1,0,0,0,0,0,0,1
1811,1,1,0,0,0,0,0,0,0,1,0,1
53,1,1,0,1,0,0,0,1,0,0,0,0
84,0,0,0,0,1,0,1,1,0,1,0,0
1404,0,0,1,0,1,0,0,0,0,0,0,0
788,1,1,1,1,1,1,0,0,1,0,1,0
1060,1,1,1,1,1,1,0,1,0,1,1,1
1625,0,0,1,0,1,0,0,0,0,0,0,0
1227,0,1,0,1,0,0,0,0,0,0,0,0
726,1,0,0,0,0,0,1,1,0,1,0,0
353,1,1,1,1,1,1,0,1,0,1,1,1
89,0,1,0,0,0,0,0,0,0,1,0,0
1631,1,0,0,0,0,1,0,0,0,0,0,0
1761,1,0,0,1,0,0,1,1,0,1,1,0
1243,0,0,0,0,0,0,1,0,0,1,0,0
1669,1,1,1,1,1,0,1,0,1,0,1,0
1705,0,1,0,0,0,0,1,0,0,0,0,0
153,0,0,0,0,1,0,0,0,1,0,0,0
113,1,0,0,0,0,1,0,0,0,0,0,0
1840,1,0,1,0,0,1,0,1,0,0,0,0
1172,1,1,1,1,1,0,0,1,1,1,1,1
1691,1,0,0,0,1,0,0,0,0,0,0,0
1389,0,1,0,0,0,0,1,0,0,0,0,0
304,0,1,0,1,0,0,0,0,0,0,0,0
146,0,1,1,0,1,0,0,1,0,0,0,0
1129,1,0,1,0,1,1,1,1,0,1,0,1
521,1,1,0,0,0,0,0,0,0,1,1,0
1476,1,0,0,0,0,0,1,1,0,0,0,1
634,1,0,1,0,0,0,0,0,0,0,0,0
1406,0,0,0,0,0,1,0,0,1,0,0,0
1311,1,0,0,0,0,1,1,0,0,0,1,0
1502,0,1,0,0,1,0,0,0,0,0,0,0
1712,0,0,0,1,1,0,0,0,1,0,1,0
724,0,1,0,1,0,0,0,0,0,0,0,0
4,0,0,0,0,0,0,0,0,1,0,0,1
996,0,0,0,0,0,0,0,0,1,0,0,1
988,1,1,1,0,0,0,0,1,0,1,1,0
1699,0,0,1,0,0,0,0,1,0,0,0,0
919,1,1,1,1,0,1,0,0,0,1,0,0
1191,1,1,0,0,0,0,1,1,0,1,0,1
1409,1,0,0,0,0,0,0,0,0,0,0,1
723,0,1,0,0,1,1,0,0,1,1,0,1
1183,1,1,0,1,1,1,1,1,1,0,1,1
814,1,0,1,1,0,0,1,1,0,1,0,0
650,1,0,1,1,1,1,1,1,0,1,0,0
1944,0,1,1,0,0,0,0,1,1,0,0,0
138,0,0,0,0,1,1,0,0,0,0,0,0
279,1,1,1,1,1,1,1,0,1,1,1,0
1145,1,1,1,1,1,1,1,1,0,1,1,0
51,1,0,1,1,1,1,1,1,0,0,0,1
515,1,1,1,0,0,1,0,0,0,1,1,0
447,0,1,1,1,0,1,0,0,0,0,0,0
431,0,1,1,1,1,1,0,0,1,1,0,1
434,0,0,1,0,0,0,0,0,0,1,0,0
1709,0,0,1,0,0,0,0,1,0,0,0,0
590,1,0,1,0,1,1,1,1,0,1,0,1
1771,0,0,1,1,1,0,1,1,1,1,0,1
656,0,0,1,1,1,1,1,1,0,1,1,0
189,0,0,0,0,1,0,0,0,0,1,0,0
341,1,1,1,1,1,1,1,0,1,1,0,1
1365,1,0,0,0,0,0,0,0,0,0,1,0
307,1,1,1,1,1,1,1,0,1,1,0,1
1162,0,0,1,0,0,1,1,1,1,0,1,0
211,0,0,0,0,0,1,0,0,0,0,0,1
757,1,1,1,1,0,0,1,0,1,0,1,1
1448,1,0,0,0,0,0,0,0,0,0,0,1
1412,0,0,1,0,0,1,0,0,0,0,0,0
1861,0,1,0,0,0,0,1,0,0,0,0,0
293,1,1,1,1,1,1,1,0,1,1,0,1
1817,0,0,1,0,1,1,1,1,1,1,1,0
32,1,0,1,1,1,1,1,1,0,0,0,1
840,1,0,1,0,1,0,0,1,0,0,0,0
1830,1,0,0,1,0,1,0,0,0,1,0,0
1832,1,1,1,0,0,1,1,1,0,0,0,0
1650,0,1,1,0,0,0,1,0,0,0,0,1
1118,1,1,1,1,1,0,1,1,1,0,1,1
954,1,0,0,0,0,0,0,0,0,1,0,0
666,1,0,0,0,0,0,0,0,0,0,1,0
1770,1,1,1,0,1,0,0,1,1,0,0,0
461,1,1,1,1,1,1,0,1,0,1,0,0
670,1,1,0,0,0,1,1,1,1,1,0,1
1501,1,1,0,1,0,0,0,0,0,1,0,0
1550,0,0,1,1,0,0,0,0,0,0,0,0
27,1,0,0,1,1,0,0,0,0,0,1,0
998,1,1,0,0,1,0,0,1,1,0,1,0
1308,1,0,1,1,1,1,0,0,0,1,0,0
92,1,0,0,0,0,0,1,1,1,1,1,0
839,0,0,0,0,0,0,1,0,0,0,1,0
477,1,0,0,0,1,0,0,0,0,0,1,1
1439,0,1,1,0,0,0,0,0,0,0,0,0
409,0,0,0,0,1,1,0,0,0,0,0,0
435,0,1,0,0,0,0,0,0,0,0,1,0
366,1,1,1,1,1,1,0,1,1,0,0,0
978,0,1,0,0,0,0,0,0,0,1,0,0
1101,0,0,1,0,0,1,1,0,0,0,0,1
239,0,1,1,1,1,1,1,1,0,0,0,1
240,1,0,1,1,1,1,0,1,0,1,0,1
682,0,0,0,0,0,0,0,0,0,1,1,0
691,0,0,0,0,1,0,0,0,0,1,0,0
1235,1,1,1,0,1,0,0,0,1,0,0,1
22,1,0,0,1,0,0,0,1,0,0,1,0
1009,1,0,0,0,0,0,0,1,0,0,0,0
635,1,0,0,0,0,0,0,0,1,0,0,0
1677,0,0,0,0,1,0,0,0,1,0,0,0
1820,0,0,1,0,1,0,0,1,0,1,0,0
1190,1,0,0,1,1,0,1,1,1,0,0,0
558,0,0,1,0,0,0,1,0,0,1,0,1
1050,0,0,0,0,1,0,0,1,0,0,0,0
1228,1,0,0,0,1,1,1,0,0,0,0,0
898,1,0,1,0,0,0,0,0,0,0,0,0
72,0,0,0,0,0,1,0,0,1,0,0,0
1485,1,0,1,1,1,0,1,0,0,0,0,1
627,1,1,0,0,1,0,1,0,1,0,0,1
1932,0,1,1,1,1,0,0,0,0,1,1,0
1833,1,0,1,1,0,0,1,1,1,0,0,0
554,1,0,1,0,1,1,0,0,1,1,1,1
382,0,0,0,0,1,0,0,0,0,1,0,0
1232,0,1,1,0,1,1,1,1,1,0,1,0
131,1,0,0,0,0,1,0,0,1,0,1,0
1436,0,1,0,0,0,0,0,1,0,0,0,0
853,0,0,0,0,0,0,1,1,0,0,0,0
552,1,1,0,0,0,0,0,0,0,0,0,0
600,1,0,0,0,0,0,0,0,1,0,0,0
799,1,0,0,0,0,1,1,1,0,1,1,0
759,0,1,1,0,0,0,0,0,0,0,0,0
1356,0,1,1,1,1,1,1,0,0,0,0,0
769,1,1,0,1,1,1,0,0,1,0,1,1
1361,1,1,0,0,0,0,0,0,0,0,0,0
162,1,0,1,0,0,1,0,1,0,0,0,0
1471,1,0,0,0,0,1,0,0,0,0,1,1
135,1,0,0,0,0,0,0,0,0,1,0,0
338,1,1,1,1,1,1,0,1,1,1,1,0
653,0,1,0,0,0,1,0,0,0,0,0,0
1359,0,0,1,1,1,1,1,1,1,1,0,0
1748,1,0,1,0,0,1,0,1,1,1,0,0
1328,1,1,1,1,1,0,1,1,0,1,1,1
433,1,0,0,1,1,0,1,1,0,0,0,1
585,0,0,0,0,0,1,0,1,0,0,0,0
1632,1,0,0,0,0,0,0,0,1,0,0,0
1293,1,0,0,0,1,0,0,0,0,0,0,0
1821,1,1,1,1,1,1,1,0,0,1,1,1
1920,0,0,1,1,0,0,0,0,0,0,0,0
1869,0,0,0,0,0,0,0,0,1,1,0,0
199,0,0,1,0,1,0,0,0,0,0,0,0
1146,1,1,1,1,1,1,1,1,1,1,1,1
256,1,0,0,0,0,0,0,0,0,0,0,1
285,1,1,1,1,1,1,0,1,1,0,1,1
794,1,1,1,1,1,1,1,1,1,1,1,1
83,1,1,0,0,0,0,0,0,0,0,0,0
370,1,1,1,1,1,1,1,0,1,1,1,0
701,1,0,1,1,1,0,1,0,1,1,0,1
18,1,1,1,0,1,1,1,1,1,1,1,0
419,1,1,1,1,1,1,1,1,1,1,1,1
1798,0,0,0,0,0,1,1,1,0,0,0,1
206,0,0,1,0,0,0,1,0,0,0,0,0
475,1,1,1,1,1,1,1,1,1,1,1,1
203,1,0,1,1,0,0,1,1,0,1,0,0
829,1,0,0,0,0,0,1,1,1,1,1,0
1788,1,1,0,0,0,1,0,0,0,0,1,0
641,1,0,0,0,1,1,1,0,1,1,1,1
1251,1,1,0,1,1,0,1,1,0,0,0,0
862,0,1,0,1,0,1,0,0,1,1,1,0
495,1,1,1,1,1,1,1,1,1,0,1,0
52,0,1,0,1,0,0,0,0,0,0,1,1
591,0,0,1,0,1,0,0,0,0,1,0,1
12,0,0,1,0,0,0,0,1,1,0,0,1
801,1,0,0,1,1,0,1,1,0,0,1,0
1044,0,0,1,0,0,1,0,0,0,0,0,0
1547,0,0,0,0,1,0,0,0,1,0,0,0
148,0,0,1,0,0,0,0,0,0,1,0,0
245,0,0,0,0,0,1,0,0,0,1,0,0
408,1,1,1,1,1,1,1,1,1,1,1,1
472,1,1,1,1,1,0,0,0,0,1,0,0
375,1,1,1,1,1,0,1,0,1,1,1,1
1648,1,0,1,1,1,0,1,0,0,1,0,0
595,1,1,0,1,0,0,0,0,0,1,0,0
1087,0,1,0,0,0,0,1,0,0,0,0,0
1769,0,1,1,1,1,0,0,0,0,0,1,1
356,1,1,1,1,1,1,1,1,1,1,1,1
835,1,0,0,0,0,1,1,1,0,1,1,0
601,0,0,1,1,0,0,0,0,0,1,1,0
417,0,1,1,0,1,0,0,0,0,0,0,1
1151,1,0,0,0,1,1,1,1,0,1,0,0
480,1,1,0,1,0,1,1,1,1,1,0,0
1449,1,0,0,0,0,1,0,1,0,1,0,0
806,1,1,0,0,1,0,1,1,1,0,0,0
746,0,0,1,0,1,1,1,1,1,1,1,0
487,1,0,0,0,0,0,0,0,0,1,0,0
834,1,0,0,0,0,1,1,1,0,0,1,1
1301,1,0,0,0,0,0,0,0,0,0,1,0
1725,1,0,0,0,0,0,0,1,0,0,0,0
71,1,0,0,0,0,0,0,0,0,1,0,0
1464,0,1,1,0,0,0,0,0,0,0,0,0
315,1,1,1,1,1,0,1,1,1,0,1,1
284,1,1,1,1,1,1,1,1,0,1,0,1
908,0,1,1,0,0,1,0,0,1,0,0,0
875,0,0,1,0,1,1,1,1,0,1,1,1
121,1,1,1,1,1,0,0,0,0,1,1,1
190,1,1,1,1,0,0,0,1,1,1,0,1
459,1,1,0,0,1,0,0,0,1,0,0,0
1700,0,0,1,0,0,0,1,0,0,0,0,0
1133,1,0,0,0,1,0,0,0,0,0,0,0
665,0,0,0,0,0,0,1,0,0,0,0,1
136,0,0,0,0,1,0,0,0,0,0,0,1
1105,0,1,0,0,0,0,0,0,0,0,1,0
1772,0,0,1,1,1,1,1,1,0,1,0,1
1793,0,0,0,1,1,0,1,1,0,0,0,0
1876,1,0,0,1,0,1,0,1,0,0,0,0
933,0,1,0,0,0,1,1,1,1,0,0,1
892,1,1,0,0,0,0,0,0,0,0,0,0
1900,1,0,1,1,0,1,0,0,0,0,0,0
1735,0,0,0,0,1,0,0,0,1,0,0,0
960,0,0,0,0,1,1,0,0,0,0,0,0
1515,0,1,1,0,1,0,1,0,1,1,1,1
1019,1,0,0,0,0,1,1,1,0,0,0,0
160,0,0,0,0,0,1,0,1,1,0,1,0
1238,0,0,0,1,1,0,0,0,0,0,0,0
1287,0,0,1,0,0,0,0,1,0,0,0,0
140,0,0,0,0,1,0,1,0,0,0,0,0
1794,0,0,0,0,0,0,1,1,1,0,0,1
1187,1,0,0,0,1,1,1,1,0,0,0,1
607,0,0,0,0,0,0,0,0,1,1,0,0
1126,1,0,1,1,1,0,1,1,1,0,0,1
1789,1,0,0,0,0,0,0,0,0,0,1,0
1682,1,1,0,0,0,0,0,0,0,0,0,0
345,1,1,1,1,1,0,1,1,1,1,1,0
1749,1,1,0,0,0,0,1,0,1,1,1,0
1579,1,0,0,1,0,0,0,0,0,0,0,0
1134,1,1,1,0,1,1,1,0,0,1,1,0
928,0,1,0,1,0,0,0,0,0,0,0,0
261,1,0,0,0,0,1,0,0,0,0,0,0
939,0,0,0,0,0,0,1,1,0,0,0,0
1411,1,0,1,0,0,0,0,0,0,0,0,0
24,1,0,0,0,0,0,0,0,0,1,1,1
451,1,1,0,1,0,1,0,1,1,0,0,0
74,0,0,0,0,1,1,0,0,0,0,0,0
952,0,0,0,0,0,1,0,1,0,0,0,0
1334,1,0,1,0,0,1,1,1,1,0,1,1
1280,1,0,0,0,0,0,0,1,0,0,0,0
1666,0,1,0,0,0,0,0,0,0,1,0,0
1132,1,1,0,0,0,0,1,1,1,1,0,0
306,1,1,1,1,1,0,1,1,1,1,1,0
1299,1,1,1,1,1,1,1,1,1,1,1,1
540,0,1,0,0,1,0,1,1,0,0,0,0
104,0,1,0,0,0,0,0,0,0,0,1,0
1529,1,0,0,0,0,0,0,1,1,0,0,1
557,0,1,1,0,0,0,1,0,0,1,0,0
1173,0,1,0,0,0,0,0,0,0,0,1,0
1831,1,1,1,1,0,0,0,1,1,0,1,1
678,1,1,1,0,0,0,0,1,1,1,0,0
263,1,0,1,0,0,0,0,0,0,0,0,0
392,0,0,0,0,0,0,1,0,0,0,1,0
1298,1,0,0,0,0,0,0,0,1,0,0,0
937,0,0,0,0,0,1,1,0,0,0,0,0
368,1,1,1,1,0,1,1,1,0,1,1,1
1002,1,1,1,1,1,1,1,1,1,1,1,1
1306,0,1,0,1,0,0,0,0,0,0,0,0
1649,0,1,0,0,0,0,1,0,0,0,0,0
742,0,1,1,1,1,1,1,1,1,1,0,1
45,0,1,1,1,0,1,0,0,0,0,0,0
704,0,0,0,0,1,1,1,1,0,1,0,1
810,1,0,1,1,0,1,1,1,0,0,0,0
359,1,1,1,1,1,0,0,1,1,1,1,1
452,1,1,0,1,0,1,1,1,1,0,1,0
350,1,1,1,1,1,1,0,1,0,1,1,1
399,0,0,0,0,1,0,0,0,1,0,0,0
1829,0,0,0,1,0,0,0,0,1,0,0,0
15,1,0,1,0,0,0,0,1,0,0,0,1
1797,1,0,0,1,0,0,1,1,0,0,0,0
390,0,0,0,0,1,1,0,0,0,0,0,0
186,1,0,0,1,0,0,0,0,0,0,0,0
1119,1,1,1,1,0,1,1,1,1,0,1,1
906,1,0,0,1,0,0,0,0,0,0,0,0
1222,0,0,1,0,1,0,0,0,0,0,0,0
254,0,0,0,1,0,0,0,1,0,0,0,0
96,0,0,0,0,1,0,0,0,0,1,0,0
154,0,0,0,0,1,0,0,0,0,0,0,1
473,1,0,0,0,1,0,0,0,0,0,0,0
430,1,1,1,1,1,1,0,0,1,1,1,1
1292,0,0,0,1,0,0,0,0,0,0,0,1
337,1,1,1,1,1,0,1,0,1,1,1,1
1167,0,1,0,0,0,0,0,0,0,0,0,1
1353,1,0,0,1,0,0,0,0,0,1,0,1
1600,1,0,1,1,0,1,0,0,0,0,1,1
97,0,1,0,0,0,0,1,0,0,0,0,0
414,1,1,1,1,0,1,0,1,1,0,0,1
938,0,0,0,0,0,1,1,0,0,0,0,0
1083,0,1,0,0,0,0,0,0,0,0,0,1
380,0,0,1,1,0,0,0,0,0,0,0,0
205,1,0,1,1,0,0,0,0,1,1,0,1
439,0,1,0,0,0,1,0,0,0,0,0,0
1420,0,0,1,0,1,0,0,0,0,0,0,0
1585,0,1,0,0,0,0,0,1,0,0,0,0
511,1,1,1,1,0,0,1,1,1,1,1,1
1220,1,0,0,0,0,0,0,0,0,1,0,0
403,1,1,0,0,0,0,0,0,0,0,0,0
1048,1,1,1,1,1,1,1,1,1,0,0,1
1113,0,0,0,0,0,1,0,0,0,0,1,0
1201,1,1,1,1,1,1,0,1,1,1,1,0
1543,0,0,0,0,0,1,0,0,0,0,1,0
474,1,1,1,1,1,1,1,1,1,1,1,1
569,0,0,1,0,0,0,0,0,0,0,1,0
55,0,1,0,1,1,0,0,1,1,0,1,0
936,0,0,0,0,0,1,1,0,0,0,0,0
34,0,0,0,1,0,0,0,0,0,0,0,1
1613,1,1,1,1,0,0,0,1,0,0,1,0
1431,0,1,1,0,0,0,0,0,0,0,0,0
1343,1,0,0,0,0,1,1,1,1,1,1,1
674,0,0,1,0,0,0,1,0,0,0,0,0
324,1,1,1,1,1,1,1,1,1,0,0,1
1470,0,1,0,0,0,0,1,0,0,0,0,0
1810,0,0,0,1,1,0,1,1,0,0,0,0
610,0,0,0,0,0,0,0,0,0,1,0,1
234,0,0,0,0,0,1,0,0,0,1,0,0
145,0,0,1,1,1,0,0,0,1,0,0,0
1402,1,0,1,1,0,1,1,1,0,1,0,1
1588,0,1,0,0,0,0,0,0,0,0,1,0
1089,1,0,0,0,1,0,1,1,1,1,0,0
1109,1,0,0,1,1,0,1,1,0,1,0,0
990,0,0,0,0,0,0,0,1,0,1,0,0
1285,1,0,1,1,0,1,1,1,0,0,0,0
1300,1,0,0,0,0,0,0,0,0,0,0,1
943,0,0,0,0,0,1,1,0,0,0,0,0
997,1,1,1,0,0,1,0,1,1,0,0,0
1054,1,1,1,1,1,1,1,0,0,1,1,1
721,1,1,0,0,1,0,0,0,0,0,1,0
106,1,1,0,0,0,1,0,0,0,0,0,1
1653,1,0,0,0,0,0,0,1,0,0,0,0
174,0,0,1,0,0,0,0,1,0,0,0,0
1500,1,0,0,1,0,0,0,0,0,0,0,0
502,1,1,1,1,1,0,1,1,1,1,0,1
1576,1,1,0,0,0,0,0,0,0,0,0,0
344,1,1,1,1,1,1,0,1,1,1,1,0
161,0,0,0,1,0,1,0,1,1,0,0,0
60,0,1,0,0,0,0,0,0,0,0,0,1
1460,0,0,0,0,0,0,1,0,0,0,0,1
496,1,1,1,1,0,1,1,1,1,1,0,1
40,1,0,1,0,0,0,0,0,0,0,0,0
1171,1,1,1,1,1,1,1,0,1,0,1,1
633,1,0,0,0,0,0,0,0,0,0,1,0
1727,1,1,1,1,1,0,0,1,1,1,1,1
945,0,0,1,1,1,0,0,0,0,1,0,0
553,1,0,0,1,0,0,0,0,0,0,0,0
745,0,0,1,0,1,1,1,1,1,1,1,0
1617,0,0,0,1,0,0,0,1,0,0,0,0
1733,0,1,1,0,1,0,0,1,1,1,1,1
1608,0,1,0,0,0,0,0,0,0,0,0,1
709,0,0,1,0,0,0,0,1,0,0,1,1
449,1,1,0,0,0,1,1,1,1,0,0,0
870,0,1,0,1,0,0,0,1,1,1,0,1
878,0,0,1,1,1,0,1,1,1,1,1,0
1413,1,1,0,0,1,0,0,0,1,0,0,0
1477,0,1,0,0,1,0,0,0,0,0,0,0
1569,0,0,1,0,0,0,1,0,0,0,0,0
1786,1,0,0,1,0,0,0,0,0,0,0,0
101,0,0,1,0,1,0,0,0,0,0,1,1
1310,1,0,0,1,0,0,1,0,0,0,1,0
848,0,0,0,0,0,0,1,0,0,1,0,0
1531,1,0,0,1,1,1,0,0,0,0,0,0
581,1,0,0,0,0,0,0,0,0,0,1,0
811,1,0,1,1,0,0,1,1,0,0,1,0
1809,0,0,0,0,1,0,1,1,0,0,1,0
1695,1,1,1,0,0,0,0,0,1,0,0,0
1283,1,1,1,0,1,0,0,1,0,1,0,0
242,1,0,0,0,0,1,0,1,0,0,0,1
494,0,1,1,1,0,1,1,0,1,0,1,1
217,1,1,0,0,1,1,1,0,0,0,0,1
1007,0,0,0,0,0,0,0,0,1,0,0,1
237,1,0,1,0,1,1,1,1,0,0,0,0
932,1,1,0,1,0,1,0,0,0,1,0,1
1758,1,0,0,0,0,0,1,1,1,1,0,1
200,1,1,1,0,1,1,1,0,0,1,0,1
1041,0,0,0,0,0,0,0,0,0,1,0,1
1519,1,0,0,1,0,0,0,1,0,0,0,1
1284,1,1,1,0,0,1,0,0,0,0,1,1
854,1,1,1,1,0,0,0,1,1,1,0,1
301,1,1,1,1,1,1,1,0,0,1,1,1
520,1,1,1,1,1,0,0,0,1,0,1,1
410,0,0,0,0,1,0,0,0,0,1,0,0
1313,0,0,0,0,0,0,0,0,1,1,0,0
1381,0,0,1,0,0,0,0,1,0,0,0,0
1645,0,1,1,1,1,1,0,0,0,0,1,0
582,0,0,1,0,0,0,0,0,0,0,1,0
780,1,1,1,1,1,1,1,1,1,1,1,1
268,1,1,1,1,1,0,1,1,1,0,1,1
1553,0,0,1,0,0,0,0,0,0,0,1,0
132,0,0,0,1,0,1,0,0,0,0,0,0
1255,0,1,0,0,1,0,0,0,0,0,0,0
555,1,1,1,0,1,0,0,1,1,1,0,1
118,1,0,0,0,0,1,0,0,1,1,0,0
1589,0,1,0,0,0,0,1,0,0,0,0,0
322,1,1,1,1,1,0,1,1,1,1,1,0
1526,0,1,0,0,0,0,0,1,0,0,0,0
1498,0,1,1,0,0,0,0,0,0,0,0,0
65,0,1,0,0,1,0,0,0,0,0,0,0
1578,0,0,0,0,0,0,1,0,1,0,0,0
1898,1,0,0,0,0,1,0,0,1,1,0,0
1185,1,1,1,0,1,0,1,1,0,1,0,1
813,1,1,1,0,0,0,1,1,0,0,1,0
1305,0,0,1,0,0,1,1,0,0,0,1,0
1706,0,1,0,0,0,1,0,0,0,0,0,0
1093,1,1,0,0,1,1,1,1,0,0,0,0
1180,0,1,0,0,0,0,0,0,0,1,0,0
1051,1,1,0,1,1,1,1,1,1,1,0,1
883,0,0,0,0,0,1,0,1,0,0,0,0
248,1,1,1,1,0,0,1,1,1,1,1,1
1894,1,0,0,0,0,1,0,0,1,1,0,0
1619,1,0,0,0,0,1,0,0,0,0,0,0
697,0,0,0,0,0,0,0,1,1,0,0,0
1581,0,1,0,0,0,0,0,0,0,1,0,0
821,1,0,1,1,0,0,1,1,1,0,0,0
1790,1,1,0,1,0,0,0,1,1,1,0,0
501,1,1,1,1,0,0,0,1,1,1,0,1
547,0,0,0,1,0,0,0,0,0,0,1,0
827,1,1,0,0,0,1,1,1,0,1,0,0
1000,1,0,0,1,1,1,0,0,0,0,0,0
1516,0,1,1,1,1,0,0,0,1,1,0,0
1708,0,0,1,0,1,0,0,0,0,1,0,1
1450,0,0,1,1,0,0,0,0,0,0,0,0
1074,0,0,0,1,0,1,0,0,0,0,0,0
857,0,0,0,0,0,0,1,0,0,1,0,0
513,0,0,0,0,1,0,0,0,0,1,0,0
1791,1,0,0,1,0,0,1,0,1,1,0,1
1043,1,1,0,1,0,1,0,0,0,0,1,1
970,0,1,0,0,0,0,1,0,0,1,0,1
1033,1,1,1,1,1,1,1,0,1,0,1,1
197,0,1,1,1,1,0,0,0,1,1,0,0
476,1,1,1,1,1,1,1,1,1,1,1,1
518,1,1,0,1,1,1,1,0,1,1,1,1
214,1,0,1,1,0,0,0,0,1,0,0,0
541,1,0,0,0,1,0,1,1,0,0,0,0
1659,0,0,0,1,0,1,1,1,0,1,0,1
538,1,0,0,0,0,0,1,0,0,0,0,0
41,0,0,0,0,0,0,1,1,0,0,1,1
1419,0,1,0,0,0,0,0,0,0,0,0,1
1257,1,1,1,1,1,1,0,0,1,1,0,0
628,1,0,0,0,1,0,0,0,0,0,0,0
1565,0,0,0,0,0,0,0,0,0,1,0,1
1322,0,0,0,0,0,1,0,0,0,1,0,0
1012,0,1,1,0,1,0,0,0,1,0,0,0
1217,1,0,0,0,0,0,1,0,0,0,0,0
1248,1,1,0,0,0,0,1,1,0,1,0,1
1383,0,0,1,0,0,0,0,1,0,0,0,0
1563,0,0,0,0,0,0,0,0,1,1,0,0
750,0,1,1,1,1,0,1,1,0,0,1,1
1867,1,0,1,0,0,1,0,0,0,1,0,0
1341,1,1,0,0,0,0,1,1,1,1,1,1
1480,0,0,0,0,0,1,0,0,0,1,0,0
549,1,0,1,0,1,1,1,1,0,1,1,0
539,1,0,0,0,0,1,0,0,0,0,0,0
462,0,1,1,1,0,1,1,1,1,0,1,0
94,0,0,0,0,0,0,0,0,0,0,1,1
1056,1,0,0,0,1,0,0,0,0,0,0,0
339,1,1,1,0,0,0,0,0,0,0,0,1
1295,1,0,0,0,0,0,0,1,0,0,0,0
143,0,1,1,0,0,1,1,1,0,1,1,1
1724,1,0,0,0,1,0,0,0,0,0,0,0
1130,0,1,1,0,1,0,1,1,1,1,1,0
357,1,0,0,0,0,1,0,1,1,0,0,0
1775,0,0,1,0,1,1,1,1,1,0,1,1
1274,1,1,0,1,1,1,0,1,0,1,1,0
1351,1,0,0,0,0,1,0,0,1,0,0,1
57,1,1,0,1,1,0,1,0,1,1,1,0
1176,1,1,1,1,1,1,1,1,1,1,1,1
680,1,1,1,0,1,0,0,1,1,0,0,0
1472,0,1,0,0,0,0,0,0,1,0,0,0
589,0,0,1,0,1,0,0,0,0,1,1,0
0,0,0,0,0,1,0,1,1,0,0,1,0
102,0,0,0,0,0,1,0,0,0,0,1,0
1416,0,0,1,0,0,0,0,0,0,1,0,0
1773,1,1,1,1,1,1,1,1,1,1,1,1
1621,0,1,0,0,0,0,0,0,0,0,0,1
1451,1,1,0,0,0,0,1,0,1,0,0,0
1125,0,1,1,0,0,0,0,1,0,0,1,0
1049,1,1,1,1,0,1,1,1,1,1,0,1
1723,1,1,1,1,1,0,0,1,1,1,1,1
1551,0,1,0,0,0,0,0,0,0,1,0,0
1564,1,0,0,0,1,0,0,0,0,1,1,0
1808,0,0,0,0,1,0,1,1,1,0,0,0
499,1,1,1,1,1,0,0,0,1,0,1,1
1897,1,0,0,0,1,1,0,0,0,0,0,1
1558,0,0,0,1,0,0,0,0,0,1,0,0
107,0,1,1,0,0,0,0,0,1,1,0,0
897,0,0,0,0,0,0,0,0,1,1,0,0
1807,0,0,0,0,1,1,1,1,0,0,0,0
1100,1,1,1,1,1,1,1,0,1,0,1,1
183,0,1,1,0,0,0,1,1,1,1,1,1
191,0,0,0,0,0,0,0,1,0,0,1,0
1509,0,0,0,0,1,0,0,1,0,0,0,0
924,0,0,0,1,0,1,0,0,0,1,1,0
1278,0,1,1,0,0,0,0,0,1,0,1,0
751,0,0,1,0,1,1,1,1,0,1,1,1
1892,1,0,1,0,1,1,0,0,0,0,0,0
1023,1,0,1,1,1,1,0,0,1,0,0,0
820,1,1,1,1,0,1,1,0,1,0,1,0
342,1,1,1,1,1,1,1,1,0,1,0,1
1085,0,1,0,0,0,0,1,0,0,0,0,0
1345,1,0,1,0,0,0,0,0,0,0,0,0
2,0,0,0,1,1,0,1,1,1,0,1,0
572,1,1,1,1,1,1,0,0,1,0,0,1
920,1,0,0,0,0,0,1,0,0,0,0,0
519,0,1,1,1,1,1,1,1,1,1,0,1
103,0,0,0,1,0,0,0,0,0,0,0,1
120,0,0,0,1,0,0,0,0,1,1,0,1
389,0,1,0,0,1,0,0,0,0,0,0,0
621,1,1,1,0,0,0,1,0,0,0,0,0
463,1,1,1,1,1,1,1,1,1,1,1,1
675,1,1,1,0,1,0,0,1,0,0,1,0
1802,0,0,0,0,0,0,1,1,1,0,0,1
772,1,1,0,0,1,0,1,1,1,0,0,0
626,1,1,1,0,0,1,0,0,1,0,1,0
1764,1,0,0,0,0,0,1,1,1,1,0,1
1844,0,1,0,0,0,0,1,1,0,0,1,0
1086,0,1,0,0,1,0,0,0,0,0,0,0
530,1,1,1,1,1,1,1,1,1,1,1,1
1223,1,1,0,1,0,0,0,0,0,0,1,0
779,1,1,1,1,1,1,1,1,1,1,1,1
142,0,0,0,1,0,1,0,0,0,0,0,0
1156,1,1,1,0,1,1,1,1,1,0,1,1
467,1,0,1,0,0,0,0,0,0,0,0,0
1665,1,0,0,1,0,1,1,1,1,0,0,0
1584,0,1,1,0,0,0,0,0,0,0,0,0
1835,1,0,0,1,0,1,0,1,1,0,0,1
1337,1,0,1,0,0,1,1,1,0,1,0,0
1660,1,0,1,1,0,1,1,1,0,0,0,0
817,1,0,0,0,1,1,1,1,0,0,1,0
693,1,1,1,1,1,1,1,1,1,1,1,1
1005,0,0,0,1,0,0,0,0,1,0,0,0
11,0,1,1,1,0,0,0,0,0,1,0,0
1819,1,0,1,0,0,0,0,0,1,0,0,1
1888,1,0,0,0,0,1,0,0,0,1,1,0
1862,0,1,0,0,0,0,0,0,1,0,0,0
669,0,1,0,0,1,0,1,1,0,0,0,0
1342,1,0,1,1,1,0,1,1,1,0,0,1
426,0,0,1,1,1,0,0,1,0,0,0,0
1856,1,0,0,0,1,0,0,0,0,0,0,0
1643,0,0,0,0,0,0,0,1,0,0,0,1
1517,0,1,1,0,1,0,0,0,1,1,1,0
740,1,0,0,0,0,1,1,0,0,0,0,1
754,0,1,1,1,1,0,1,1,0,0,1,1
1144,1,1,0,0,0,0,0,1,1,0,0,0
73,1,1,0,0,1,0,0,0,1,1,1,0
956,0,0,0,1,0,0,0,0,1,0,0,0
260,1,1,0,0,0,0,0,0,0,0,0,0
1277,0,1,0,1,0,0,0,0,0,0,0,0
1405,0,1,0,1,0,0,0,0,0,0,0,0
972,1,1,0,1,0,1,0,0,0,0,0,0
976,0,1,0,1,1,1,0,1,0,1,1,1
428,0,0,0,0,0,0,0,0,0,1,0,1
787,1,1,1,1,1,1,1,1,1,1,1,1
1124,1,1,1,1,1,0,0,0,1,1,0,1
64,0,1,0,0,0,1,0,0,0,0,0,0
1188,1,0,0,1,1,0,1,1,0,0,0,1
1264,0,0,1,0,0,0,0,0,0,0,0,1
1635,1,0,0,0,1,0,0,0,0,0,0,0
1038,0,0,1,0,0,0,0,0,0,0,1,0
1620,0,1,0,0,0,0,0,0,0,1,0,0
1747,0,1,0,0,0,0,1,1,0,1,0,0
1903,1,0,0,0,1,1,0,0,1,0,0,0
137,1,0,0,0,1,0,0,0,0,0,0,0
384,1,1,1,0,1,0,0,0,0,0,0,0
785,1,1,1,1,1,1,1,1,1,1,1,1
1917,0,0,1,1,0,0,0,0,0,0,0,0
30,0,0,0,0,1,0,0,0,0,0,1,0
1192,1,0,1,0,0,1,1,1,0,0,0,1
1852,0,1,1,1,0,0,0,1,0,1,0,1
44,0,1,1,1,1,0,0,0,0,0,0,0
1200,1,1,1,0,0,0,1,1,1,0,0,0
1935,0,0,1,1,0,0,0,1,0,0,0,1
563,0,0,0,0,0,0,0,0,1,1,0,0
1901,1,0,0,0,1,1,0,0,0,0,1,0
580,1,0,0,0,0,0,1,0,0,0,0,0
907,1,0,0,0,0,0,0,1,0,0,0,0
1535,0,1,1,1,1,0,0,0,0,0,1,1
1614,0,1,1,1,0,0,1,0,0,1,0,1
1759,1,0,0,0,0,1,1,1,1,1,0,0
172,0,0,1,0,0,0,1,0,0,0,0,0
1702,0,0,1,0,1,0,0,0,0,0,0,0
6,0,0,1,0,1,0,0,0,0,0,1,1
1877,1,0,1,0,0,1,0,1,0,0,0,0
1111,1,1,1,1,1,1,1,1,1,1,1,1
909,1,1,1,1,1,1,0,0,1,0,1,0
1076,1,1,0,0,0,0,0,0,0,0,0,0
1639,0,0,0,0,0,0,0,1,0,0,0,1
1063,1,1,0,0,0,0,0,0,0,1,1,0
76,0,0,0,0,0,0,0,1,0,1,0,0
1281,1,1,1,1,0,0,0,0,0,0,0,0
658,0,0,0,0,0,1,1,0,0,0,0,0
1781,1,0,1,1,1,1,1,1,0,0,0,1
194,0,0,0,1,1,0,0,0,0,0,0,0
522,1,1,1,1,1,1,1,1,1,1,1,1
252,1,0,0,0,0,0,0,1,0,0,1,1
958,0,1,0,0,0,0,0,0,0,0,1,0
1340,1,0,1,0,1,1,0,0,0,0,0,0
556,0,0,0,1,0,0,0,0,0,1,0,0
942,0,0,0,0,0,0,0,0,0,1,1,0
979,0,1,0,0,0,1,0,1,0,1,0,0
1415,1,0,0,1,0,1,1,0,0,1,1,0
1315,0,1,1,0,1,0,0,0,0,1,0,0
343,1,1,1,1,1,1,1,0,1,0,1,1
1601,1,0,0,0,1,0,0,0,0,0,0,0
981,1,1,1,1,1,0,0,1,1,1,0,0
1766,1,1,0,0,0,0,0,0,0,0,0,0
1375,1,0,1,0,1,1,1,1,1,0,0,1
1304,1,0,1,0,0,1,0,0,1,0,0,0
309,1,1,1,1,1,1,1,0,0,1,1,1
1520,1,1,1,1,1,0,1,1,1,0,1,1
427,1,1,1,1,1,1,1,0,0,1,0,0
1815,1,0,1,1,1,1,0,1,1,1,0,0
404,0,1,1,0,1,0,0,0,1,0,0,0
1209,1,1,1,1,1,1,1,1,0,1,0,1
1560,0,0,0,0,1,0,0,0,0,1,0,0
195,1,1,1,0,0,1,0,1,1,1,0,1
1422,0,0,1,0,1,0,0,0,0,0,0,0
639,1,0,0,1,0,0,0,0,0,0,0,0
1904,1,0,0,0,0,1,1,0,1,0,0,0
1605,0,1,1,0,0,0,0,0,0,0,0,0
278,1,1,1,1,1,1,1,0,1,1,1,0
1836,0,0,0,0,0,1,0,0,0,0,1,0
164,1,0,0,0,0,0,0,0,0,1,0,0
1386,0,0,1,0,0,0,0,0,0,0,0,1
747,0,0,1,1,1,0,1,1,0,1,1,1
1088,0,1,0,0,0,0,0,0,1,0,0,0
710,0,0,1,0,0,1,0,1,0,0,0,1
1604,1,1,1,1,0,0,1,1,1,1,1,1
562,1,0,0,0,0,1,1,0,0,1,0,0
1017,1,1,0,0,0,0,0,1,1,0,0,0
1670,0,1,0,0,0,1,0,0,0,0,0,0
100,1,1,1,0,0,1,1,0,0,0,0,1
1376,1,0,0,1,0,0,0,1,1,1,1,0
1734,1,0,0,0,0,0,0,0,1,0,0,0
1595,1,0,1,0,0,0,1,1,0,0,0,0
1437,0,1,0,0,0,0,0,0,1,0,0,0
1868,0,1,0,1,0,0,0,0,0,0,0,0
1777,0,1,1,0,1,1,0,1,0,0,1,0
270,1,1,1,1,1,1,0,1,1,0,1,1
1391,0,0,1,0,0,0,0,0,0,0,0,1
686,0,0,0,0,0,0,0,1,0,0,0,1
1071,0,1,0,0,0,0,1,0,0,0,0,0
687,1,0,0,0,0,0,0,1,0,0,0,0
1776,0,1,1,0,1,0,1,1,1,1,1,0
603,0,0,0,0,0,0,1,1,0,0,0,0
1319,0,0,1,0,1,0,0,0,0,0,0,0
1244,1,1,1,1,0,1,0,0,0,1,1,1
1918,0,1,0,1,0,0,0,0,0,0,0,0
405,1,1,0,1,1,1,1,0,0,0,0,0
1834,0,0,0,1,1,0,0,0,0,0,0,0
1218,1,1,1,0,0,1,0,0,0,0,1,1
882,0,1,0,1,0,1,0,1,0,0,0,0
1053,1,1,1,1,1,0,1,1,1,0,1,1
856,0,0,0,0,0,0,1,0,0,0,1,0
1871,0,0,0,0,0,0,0,0,0,1,1,0
358,1,1,1,1,1,0,1,0,0,1,1,0
1107,1,1,1,1,1,1,0,1,1,1,0,1
1075,1,1,1,1,1,1,1,0,1,1,0,1
1804,0,0,0,1,1,0,1,1,0,0,0,0
1077,0,1,1,0,0,0,0,0,0,0,0,0
715,1,1,1,1,1,1,1,0,1,1,0,1
874,0,1,1,1,0,0,1,0,1,0,1,0
398,0,0,1,0,0,0,0,0,1,0,1,1
269,1,1,1,1,1,0,1,1,1,0,1,1
612,1,1,1,1,1,1,1,1,1,1,1,1
1555,0,1,0,0,0,0,0,1,0,0,0,0
743,1,1,1,0,1,1,1,1,0,0,0,1
1307,0,1,1,0,0,0,1,0,0,1,0,0
372,1,1,1,1,1,0,1,1,1,0,1,1
645,0,0,1,1,1,1,0,1,0,0,0,1
25,1,0,0,0,0,0,1,0,0,0,1,1
573,1,1,1,0,1,1,1,1,0,0,0,1
1768,0,0,1,0,1,0,1,1,1,1,0,0
989,0,1,1,0,1,1,0,0,1,1,0,0
1680,1,1,1,1,0,0,0,0,0,0,0,0
1703,0,0,1,1,0,0,0,0,0,0,0,0
7,0,0,0,0,0,1,0,0,0,0,1,0
844,1,1,0,0,0,1,0,0,0,0,1,0
1282,0,0,1,1,0,1,0,0,0,0,0,1
1496,0,0,0,1,0,0,1,1,0,0,1,0
36,0,0,0,0,0,1,0,0,1,0,0,0
1941,1,1,1,1,0,1,1,0,1,1,1,1
1626,1,0,1,1,0,0,0,1,0,1,0,1
1518,1,1,0,0,0,0,0,0,0,0,0,0
662,0,1,0,0,0,0,0,0,0,1,0,0
1115,0,1,0,0,1,0,0,0,0,1,0,1
619,1,0,0,0,0,0,0,0,0,0,0,1
1594,1,0,0,0,0,0,1,0,0,1,0,1
1779,0,0,1,0,1,1,0,1,0,1,0,1
1483,0,0,0,0,0,1,0,0,1,0,0,0
363,1,1,1,1,1,1,1,0,1,1,0,1
329,1,1,1,1,1,1,1,1,1,1,0,0
1853,0,1,1,1,1,0,0,1,0,1,0,0
1106,0,0,0,1,0,0,0,1,0,0,0,0
1891,1,0,1,0,0,1,0,0,1,0,0,0
1013,0,0,1,0,0,0,0,0,1,1,1,0
448,1,1,0,0,0,1,1,1,1,0,0,0
860,0,1,0,0,1,0,0,0,0,0,0,0
361,1,1,1,1,1,1,0,1,1,1,1,0
1377,1,0,0,0,1,0,0,0,0,1,1,0
1841,1,1,0,1,0,0,1,1,0,1,0,0
767,1,1,1,1,1,1,1,1,1,1,1,1
16,0,0,0,0,0,0,0,1,1,0,0,0
1047,1,1,0,0,0,1,0,1,0,1,1,0
735,0,1,1,1,1,1,1,1,0,0,1,0
412,1,0,0,1,1,0,0,0,1,0,0,0
400,0,1,0,0,0,0,1,0,0,0,0,0
490,0,1,0,1,0,1,1,1,1,0,1,1
1247,1,1,1,1,1,1,1,1,1,0,1,0
1147,1,1,1,0,0,0,0,0,0,0,1,0
367,1,1,0,1,1,1,1,1,0,0,0,1
221,1,1,0,0,1,0,1,0,1,0,1,0
1642,1,0,1,0,0,0,0,0,0,1,0,1
526,1,1,1,0,0,1,0,1,1,0,0,0
1757,1,0,0,1,1,0,1,1,0,0,1,0
642,1,1,0,0,1,0,1,0,1,1,1,1
995,1,1,0,1,1,0,0,0,1,0,1,0
1597,1,0,1,0,0,0,0,0,0,0,0,0
247,0,1,0,0,0,0,1,0,0,0,0,0
440,0,1,0,0,0,0,1,0,0,0,0,0
1812,1,0,0,0,0,0,0,0,0,0,1,0
736,1,0,0,0,0,0,1,0,0,0,0,0
1826,0,0,1,0,0,0,0,0,0,1,0,0
1080,1,1,1,0,0,0,0,0,1,0,0,0
28,1,0,1,0,0,0,0,0,0,0,0,0
1684,0,0,0,1,0,0,0,1,0,1,1,0
1216,1,0,0,0,0,0,0,0,0,1,0,0
282,1,1,1,1,1,0,1,1,1,0,1,1
442,0,1,0,1,0,0,0,0,0,0,0,0
1082,1,0,0,1,0,0,0,0,0,0,1,1
755,1,0,0,0,0,0,0,0,1,0,0,0
1481,1,1,1,1,1,1,1,1,1,1,1,1
222,1,1,0,0,0,0,0,1,0,0,0,1
396,0,1,1,1,0,1,0,0,1,1,0,0
1057,1,0,0,0,1,0,0,0,0,0,0,0
1090,1,0,0,1,0,1,1,1,1,0,0,0
1006,1,1,1,1,1,1,1,1,1,1,1,1
807,1,1,1,0,0,1,1,1,0,0,0,0
1822,0,1,0,0,0,0,0,0,0,1,0,0
836,1,0,0,1,0,1,1,1,0,0,0,1
362,1,1,1,1,1,1,1,0,0,1,1,1
771,1,1,0,0,1,1,0,1,1,0,0,0
1634,1,1,0,0,0,0,0,0,0,0,0,0
546,0,0,1,0,0,0,0,0,1,0,0,0
1399,0,0,1,0,1,0,0,0,0,0,0,0
934,1,1,1,1,1,1,1,0,0,1,1,1
679,1,1,1,0,0,0,0,0,1,1,0,1
688,1,1,1,1,1,1,1,1,1,1,1,1
1020,0,0,0,0,0,0,1,1,0,0,0,0
1242,1,0,0,0,0,1,0,0,0,0,0,0
831,1,1,0,0,0,0,1,1,0,0,1,1
85,0,1,1,1,0,1,1,0,0,1,0,0
1193,1,1,1,0,0,0,1,1,0,0,1,0
469,0,1,0,0,0,0,1,0,0,0,0,0
566,0,1,1,0,0,0,0,0,0,0,0,0
1360,0,1,0,1,0,1,0,0,0,0,0,1
1262,1,1,1,1,0,0,1,0,0,1,1,1
637,1,0,0,0,0,0,0,1,0,0,0,0
212,1,0,0,0,1,0,0,0,0,0,0,0
68,1,1,1,1,0,1,0,1,1,1,1,1
1668,1,1,1,0,1,0,0,0,0,0,0,0
421,0,0,1,0,0,0,0,0,1,1,0,1
955,1,0,0,0,0,0,0,0,0,1,0,0
918,0,1,0,0,0,1,0,0,0,0,0,0
493,0,1,1,1,0,1,0,0,1,1,1,1
9,0,1,0,0,1,0,0,0,0,0,0,0
1740,1,0,0,0,1,0,1,1,0,0,0,0
1014,0,1,1,0,0,1,1,0,1,0,0,1
331,1,1,1,1,1,1,1,1,1,0,1,0
690,1,1,1,1,1,1,1,1,1,1,1,1
1062,0,1,0,0,0,0,0,0,1,1,0,1
1490,1,0,0,0,1,1,0,0,0,0,1,0
818,1,0,0,0,0,1,1,1,0,1,0,1
1369,1,0,1,0,0,0,1,1,0,0,0,0
1268,1,1,1,1,1,0,1,0,0,1,1,0
1400,0,0,1,0,0,0,1,0,0,0,0,0
1512,1,0,0,0,1,0,1,1,1,0,1,0
1838,1,0,1,0,0,1,1,0,0,0,0,0
796,1,1,1,1,1,0,0,1,1,0,1,0
1150,0,1,1,1,1,1,1,1,0,1,0,0
351,1,1,1,1,1,1,1,1,1,0,1,0
1602,1,0,0,0,1,0,0,0,1,0,0,1
1139,0,0,0,0,0,0,0,1,0,0,1,0
1344,1,1,0,0,0,1,1,1,0,1,1,1
424,0,0,0,1,1,0,0,1,1,0,0,0
219,1,0,0,0,0,0,0,0,1,0,0,0
512,1,1,1,1,1,1,0,1,1,0,1,1
949,0,0,0,0,0,0,0,0,0,1,1,0
1495,1,0,0,0,0,1,0,1,1,0,0,0
1827,0,0,1,0,0,0,0,0,1,0,0,0
1462,0,1,0,0,0,0,0,0,0,0,0,1
296,1,1,1,1,1,1,1,0,1,0,1,1
1919,0,0,1,1,0,0,0,0,0,0,0,0
1787,1,0,0,0,0,1,0,0,1,0,1,0
1895,0,0,1,0,0,1,0,0,0,0,0,0
288,1,1,1,1,1,1,0,1,1,1,0,1
1028,1,0,1,1,0,1,0,0,0,0,1,1
1260,1,1,1,0,1,0,0,1,0,1,0,0
1573,0,1,0,0,0,0,0,1,0,0,0,0
841,1,1,1,0,1,1,1,0,0,0,0,0
1879,1,0,0,0,0,1,1,0,0,0,1,0
1754,1,1,0,0,1,0,1,1,0,0,0,1
415,0,0,1,1,0,0,1,1,0,1,0,1
812,1,0,1,1,0,0,1,1,0,0,0,1
226,0,0,1,0,0,0,0,1,0,0,0,0
129,0,0,1,1,0,0,0,0,1,1,0,0
124,0,0,1,0,1,1,0,1,0,0,0,0
377,1,0,0,1,0,0,1,1,0,0,0,0
904,0,0,0,0,0,0,1,0,0,0,0,1
570,0,0,1,0,1,0,0,0,0,0,0,0
1513,1,0,1,1,0,1,1,1,0,1,0,1
484,0,0,0,0,0,0,0,0,0,1,0,1
99,1,0,0,0,0,0,0,0,1,0,0,0
849,1,0,0,0,1,1,0,0,0,0,1,0
1368,1,0,0,1,0,0,0,0,0,0,0,0
169,0,1,1,0,0,0,0,0,0,0,0,0
1909,0,0,0,0,1,0,0,1,1,0,0,1
1491,1,0,0,0,1,1,1,0,0,0,0,0
1842,1,0,0,1,0,1,1,1,0,0,0,1
1628,1,0,0,0,0,0,0,1,0,0,0,0
1102,1,1,1,1,1,1,1,1,1,1,0,0
300,1,1,1,1,1,1,1,1,0,1,0,1
1423,1,1,0,1,1,1,0,0,1,0,0,0
930,0,1,0,0,0,0,0,1,0,0,0,0
711,0,0,1,0,1,0,0,0,0,0,1,1
695,0,1,0,1,0,0,1,1,0,0,0,0
1434,0,0,0,0,0,0,0,0,1,0,1,0
1221,1,1,1,1,1,1,1,0,1,0,1,1
1363,0,1,0,0,0,0,1,0,0,0,0,0
1878,1,0,0,0,0,1,0,0,1,1,0,0
1253,0,0,0,0,1,0,0,0,0,0,0,1
911,1,1,1,1,0,1,1,0,1,0,1,0
913,1,0,0,0,0,0,0,0,0,1,0,0
349,1,1,1,1,1,1,0,1,0,1,1,1
1121,0,1,0,0,0,0,1,0,0,1,0,1
454,1,0,1,1,0,1,0,1,1,0,0,0
482,1,1,1,1,1,1,1,1,1,1,1,1
244,0,0,1,0,1,1,0,0,0,1,0,0
1324,0,0,0,0,0,0,0,0,0,1,0,1
1096,0,0,0,1,1,1,1,1,1,0,0,0
1438,0,1,0,0,0,0,0,0,0,0,1,0
832,1,0,1,0,0,0,1,1,1,0,0,1
1745,1,0,0,0,0,0,1,1,0,1,0,0
1269,1,1,1,1,1,1,1,1,1,1,1,1
77,1,1,0,0,0,1,1,1,0,1,1,1
365,1,1,1,1,1,1,1,1,0,0,1,1
1598,1,0,0,0,0,0,0,1,0,0,0,0
320,1,1,1,1,1,0,1,1,1,0,1,1
850,0,0,0,1,1,0,0,0,0,0,0,0
216,1,0,0,0,1,1,1,1,0,0,0,1
941,0,0,0,0,0,1,1,0,0,0,0,0
1170,0,1,1,0,0,1,0,1,0,0,1,1
917,0,0,0,0,0,0,0,0,0,0,1,1
483,0,0,0,1,0,0,0,0,0,0,1,0
1487,1,1,0,1,0,0,1,0,0,1,0,1
1720,0,0,0,1,1,0,0,0,1,0,0,1
1912,0,0,1,1,1,0,0,0,1,0,0,0
1893,1,0,1,0,0,1,0,0,0,0,1,0
1371,0,0,0,0,0,0,0,0,0,1,1,0
560,1,0,1,0,1,0,0,0,0,1,0,0
732,1,1,0,0,0,0,0,0,0,0,0,0
592,0,0,1,0,0,0,0,0,0,1,1,1
1203,1,1,1,0,1,1,1,1,1,1,0,1
1108,1,0,1,0,0,0,1,0,1,0,0,0
1530,1,1,0,0,0,0,0,1,0,0,0,1
265,1,1,0,1,0,1,0,0,0,0,0,0
130,0,0,0,0,0,0,0,0,1,0,1,0
317,1,1,1,1,1,0,1,1,0,1,1,1
80,1,0,0,0,0,1,0,0,0,0,0,0
649,0,1,1,1,1,0,1,1,1,0,0,1
35,0,0,1,0,0,0,1,0,0,0,0,0
1032,1,1,1,1,1,1,0,1,1,1,0,1
624,0,1,0,0,0,0,1,1,1,0,1,1
1445,1,0,1,0,0,0,0,0,0,1,0,1
19,0,0,0,0,0,0,1,0,1,0,0,0
673,0,0,0,1,0,0,1,0,0,0,0,0
441,1,0,1,0,0,0,1,0,0,0,0,1
1211,1,1,1,0,1,1,1,0,1,1,1,1
110,0,0,0,1,1,0,0,0,0,0,0,0
646,1,0,1,1,1,0,0,1,0,0,0,1
1881,1,0,0,0,0,1,0,0,1,0,0,1
1110,1,0,1,1,0,0,0,1,0,0,0,0
319,1,1,1,1,1,0,1,1,1,1,0,1
1004,0,0,0,1,0,0,0,0,0,0,1,0
1697,0,1,1,0,1,0,1,1,0,1,0,0
1570,0,1,0,0,0,0,0,0,0,1,0,0
224,1,0,1,1,0,1,1,0,0,1,0,0
708,0,0,1,0,0,1,0,1,0,0,0,1
98,0,0,0,0,1,0,0,0,0,0,0,1
1137,0,0,0,0,0,0,0,1,0,0,1,0
182,0,0,0,0,1,0,0,0,1,0,0,0
488,0,0,1,0,0,0,0,0,0,1,0,0
816,1,1,1,1,0,0,1,1,0,0,0,0
23,1,0,0,0,0,1,0,0,0,1,1,0
1710,0,0,0,0,0,1,0,0,0,0,0,1
614,1,1,1,1,1,1,1,1,1,1,1,1
228,0,0,0,0,0,1,1,1,0,1,0,0
251,0,0,0,0,1,0,1,0,0,1,1,0
1202,1,1,1,1,1,1,1,1,1,0,0,1
696,0,0,0,0,1,0,0,0,0,1,0,0
281,1,1,1,1,1,0,1,0,1,1,1,1
213,1,1,0,0,0,0,0,0,0,0,0,0
1016,1,1,1,1,1,1,1,1,1,1,1,1
1545,1,0,0,0,0,0,0,0,0,1,0,0
1528,1,1,0,1,0,0,0,1,0,0,0,0
450,1,0,1,0,0,1,1,1,1,0,0,0
1181,0,1,0,0,0,0,0,0,0,0,0,1
181,1,1,1,0,0,0,1,1,1,0,1,1
684,0,0,0,0,1,0,0,1,0,0,0,0
1580,1,1,0,0,0,0,0,0,0,0,0,0
168,1,0,0,0,0,1,0,0,0,0,0,0
458,0,1,0,0,1,0,0,0,0,0,0,0
797,0,0,0,0,0,0,1,1,0,0,0,0
865,0,1,0,1,1,0,1,0,1,1,0,0
59,0,1,0,1,0,0,1,1,0,0,0,0
1698,0,0,1,0,1,0,0,0,0,0,0,0
833,1,0,0,0,1,0,1,1,1,0,0,1
950,0,1,1,0,0,0,0,0,0,0,0,0
1567,0,0,0,0,1,0,0,0,0,1,0,0
1461,1,0,0,0,0,0,0,0,0,1,0,0
929,1,1,1,1,1,0,0,0,0,1,1,1
1390,0,0,1,0,0,0,0,1,0,0,0,0
1536,0,0,1,0,0,0,0,0,1,0,0,0
1556,0,0,1,0,0,0,0,1,0,0,0,0
1707,1,0,1,1,0,0,0,0,0,1,0,0
1338,1,0,1,0,0,0,0,0,0,0,0,0
1506,1,0,0,1,1,0,0,0,0,0,0,1
1546,0,1,0,0,0,0,0,1,0,0,0,0
1177,1,1,0,0,0,0,0,0,0,0,0,0
425,1,1,0,1,1,1,0,1,0,1,0,1
964,0,0,0,0,1,0,1,0,0,0,0,0
774,1,1,1,1,0,0,0,1,1,1,0,1
123,1,0,0,0,0,1,0,0,0,1,1,0
82,1,0,0,1,0,0,0,0,0,0,0,0
577,0,0,1,0,0,0,0,0,0,0,1,0
1640,0,0,1,0,0,0,0,0,0,0,0,1
1572,1,0,0,0,0,1,0,0,0,0,0,0
1658,0,0,0,1,0,1,1,1,1,1,0,0
1018,0,1,1,0,1,0,1,1,0,1,1,1
532,0,1,0,1,1,0,0,0,1,1,1,0
1104,1,1,1,1,1,1,1,1,1,1,1,1
647,1,0,1,0,1,1,1,0,1,1,1,0
915,0,0,0,0,0,0,1,0,0,0,1,0
1367,1,0,0,0,0,0,0,0,0,0,0,1
394,0,0,0,0,1,0,1,0,0,0,0,0
544,0,0,0,0,0,1,0,0,1,0,0,0
855,0,1,0,0,0,0,1,0,0,0,0,0
1427,0,0,1,0,0,1,0,0,0,0,0,0
1331,1,1,1,0,0,1,0,0,0,1,0,1
1926,1,0,1,0,0,0,0,0,0,0,0,0
1542,1,1,0,0,0,0,0,0,0,0,0,0
91,0,1,1,0,0,0,0,0,0,0,0,0
1446,0,1,0,0,0,1,1,1,1,0,1,0
1325,1,0,1,0,0,0,0,0,0,0,0,0
176,1,0,1,1,0,0,1,1,0,0,1,0
986,0,1,1,0,0,0,1,1,1,1,0,0
1029,1,0,0,0,0,1,0,0,0,0,0,0
1916,0,0,0,1,0,0,0,0,0,1,0,0
1189,1,0,1,0,0,0,1,1,0,1,1,0
1010,1,1,1,0,0,0,1,1,0,1,0,0
411,0,1,0,1,1,1,0,1,1,0,0,0
446,1,1,1,1,1,0,1,0,1,1,1,1
1097,0,0,0,0,0,1,0,0,0,0,0,1
1141,0,0,1,0,1,1,1,1,1,0,1,1
423,0,0,0,1,1,0,0,0,0,1,1,0
1116,0,1,0,1,0,0,0,0,1,1,0,0
1473,0,0,1,1,1,0,1,0,0,0,0,0
888,1,0,1,0,0,1,0,0,0,0,0,1
681,0,0,0,0,0,0,1,0,0,1,0,0
1001,0,0,0,0,0,0,1,1,1,0,1,0
1890,1,0,1,0,0,1,0,0,0,0,0,1
95,1,0,0,0,0,0,0,0,1,0,0,0
879,1,0,1,1,1,1,1,1,1,0,0,0
825,1,0,0,1,1,0,1,1,0,0,1,0
1380,0,0,1,0,0,0,0,0,1,0,0,0
876,1,0,1,1,1,1,1,1,1,0,0,0
664,0,1,0,0,1,0,0,0,0,0,0,0
1849,1,1,0,1,0,0,0,0,1,1,1,0
170,1,0,1,1,0,0,0,0,0,1,0,0
1068,1,0,1,0,0,1,1,1,0,0,1,0
1098,0,1,0,0,1,0,0,0,0,0,0,0
299,1,1,1,1,1,1,1,1,1,0,1,0
33,0,0,0,0,1,0,0,0,0,0,0,1
753,0,1,1,0,1,1,1,1,0,1,1,0
1154,0,1,0,0,1,1,0,0,0,1,0,0
335,1,1,1,1,1,1,0,0,1,1,1,1
1025,1,1,1,0,0,1,1,0,0,1,0,0
201,1,1,1,1,0,0,1,1,0,0,0,0
714,1,1,1,1,0,1,1,1,1,1,0,1
508,1,1,1,1,1,1,1,0,1,1,0,1
523,1,1,1,1,1,1,1,1,1,1,1,1
1583,1,1,0,1,0,0,1,1,1,1,1,0
784,1,1,1,1,1,1,1,1,1,1,1,1
632,1,0,0,0,1,0,0,0,0,0,0,0
1783,1,0,1,1,1,0,1,1,0,0,1,1
133,1,0,1,1,0,1,0,1,0,0,0,1
1443,0,0,1,0,1,0,0,0,0,1,1,0
62,0,1,0,0,0,1,0,0,0,0,0,0
1825,0,0,1,0,0,0,1,0,1,0,1,0
1814,1,0,1,0,0,0,0,0,0,0,0,0
528,1,1,1,0,0,1,1,1,0,0,0,0
1114,1,1,0,0,0,1,0,0,0,1,0,0
776,1,1,1,1,1,1,1,1,1,1,1,1
1372,0,1,0,0,0,1,0,0,0,0,0,0
631,1,0,0,0,0,0,0,0,1,0,0,0
1805,0,0,0,0,1,0,1,1,0,1,0,0
1003,0,0,0,1,1,0,1,1,0,0,0,0
1379,1,0,0,0,0,0,0,1,0,0,0,0
1657,1,0,1,1,1,0,1,1,0,0,0,0
1070,0,0,0,0,1,1,0,0,0,0,0,0
923,0,0,0,0,0,1,1,0,0,0,0,0
837,1,1,0,0,0,1,1,1,0,1,0,0
1671,0,1,1,0,0,0,1,0,0,0,1,0
1872,1,0,1,0,0,0,0,0,0,0,0,0
705,1,1,0,1,1,1,1,1,1,0,0,0
1711,1,0,1,0,0,0,0,0,0,0,0,0
712,1,0,0,1,0,0,0,1,0,0,1,0
694,0,0,1,0,0,0,1,1,0,0,0,1
48,0,0,0,0,0,1,0,0,0,0,0,1
1197,1,0,0,0,1,1,1,1,1,0,0,0
620,0,1,0,1,1,0,0,0,0,0,0,1
1163,1,0,0,0,0,0,0,0,0,0,0,1
1606,1,0,1,1,0,0,0,1,0,0,0,0
178,1,0,1,1,1,0,0,0,0,0,1,1
1045,0,0,0,0,1,0,0,0,0,0,1,0
734,1,0,0,0,1,0,0,0,0,0,0,0
1323,0,1,0,0,0,0,0,0,0,0,0,1
438,0,1,0,0,0,0,1,0,0,0,0,0
782,1,1,1,1,1,1,1,1,1,1,1,1
1327,1,1,1,1,1,0,1,1,0,1,1,1
1823,0,0,0,0,0,0,0,0,0,1,0,1
985,0,1,1,0,0,1,0,0,1,1,0,1
1428,0,0,1,0,0,0,0,1,0,0,0,0
38,0,0,0,0,1,0,0,0,0,0,1,0
903,0,0,0,0,0,0,0,0,1,0,0,1
1297,1,0,0,0,0,0,1,0,0,0,0,0
453,1,1,1,1,0,1,1,0,0,1,0,1
1858,0,1,1,0,0,0,0,0,0,0,0,0
207,1,1,1,1,0,1,0,1,0,0,1,1
147,1,0,0,1,0,0,0,0,0,0,0,0
677,1,1,1,1,1,1,0,1,0,0,1,0
1692,0,0,0,0,0,1,0,0,0,0,1,0
1123,0,0,1,1,0,0,1,1,1,0,0,1
1846,0,0,0,1,0,0,0,0,0,0,1,0
249,1,0,0,0,0,0,1,0,0,0,0,0
683,1,1,1,1,1,1,1,1,1,1,1,1
291,1,1,1,1,1,1,0,1,1,1,1,0
1210,1,1,1,0,1,1,1,1,1,1,0,1
578,0,0,1,0,1,0,0,0,0,0,0,0
387,1,1,1,1,1,1,1,1,1,1,1,1
1329,0,0,1,0,0,0,1,1,0,0,1,0
225,0,0,1,0,0,1,1,1,1,1,0,0
1309,1,0,1,0,1,1,1,1,1,0,0,1
1499,1,1,1,1,0,0,0,1,0,0,1,0
1055,1,0,0,0,0,0,0,0,1,0,0,0
1784,1,0,0,0,0,0,0,0,0,1,0,0
1934,1,0,1,0,0,1,0,0,1,0,0,0
1590,0,1,0,0,0,0,0,1,0,0,0,0
625,0,1,0,1,0,0,1,1,0,0,1,1
685,1,1,0,1,0,1,1,0,0,1,1,1
232,0,0,1,0,0,0,0,1,0,0,0,0
292,1,1,1,1,1,1,1,1,1,0,0,1
3,1,1,1,1,0,1,0,0,1,0,0,0
1760,1,0,1,0,0,1,1,1,1,0,0,0
1951,1,1,0,0,0,1,0,0,0,0,1,0
925,0,1,0,1,0,1,1,0,1,1,0,0
1239,0,0,0,1,0,0,1,1,0,1,0,0
1031,0,1,1,0,0,1,1,0,0,0,0,0
1544,1,0,1,1,0,1,0,1,0,0,1,0
1792,0,0,0,0,0,1,1,1,0,1,0,0
1615,0,1,0,0,1,1,0,0,0,1,0,0
815,1,0,0,1,0,0,1,1,1,0,0,1
916,1,0,0,0,0,0,0,0,0,0,1,0
1349,0,0,0,0,0,1,0,0,1,0,0,0
381,0,0,1,0,0,0,0,0,0,1,0,0
1426,0,0,1,0,0,0,0,1,0,0,0,0
707,0,0,0,0,0,1,0,1,0,0,0,0
871,0,0,1,1,1,1,1,1,0,1,0,1
158,1,1,1,1,0,1,0,1,1,1,1,1
1128,0,1,0,0,0,0,1,1,0,0,0,1
1800,0,0,1,0,0,0,1,1,0,0,0,1
1927,1,0,1,1,1,0,1,1,0,0,0,0
535,1,1,1,1,1,1,1,1,1,1,1,1
616,1,0,1,0,1,1,1,1,1,1,1,1
1603,1,0,0,0,1,0,0,0,1,0,1,0
1234,1,1,1,1,1,1,1,1,1,1,1,1
1667,0,1,1,1,0,0,1,1,1,0,0,0
1780,1,1,0,1,0,0,0,0,0,0,1,0
1636,1,1,0,1,1,1,0,1,0,0,0,0
640,0,1,1,1,1,0,0,1,0,1,0,0
116,1,0,0,0,0,1,0,1,0,0,1,0
443,0,1,0,0,0,1,0,0,0,0,0,0
1522,1,1,0,1,1,0,0,0,1,1,1,1
1208,1,1,1,1,1,1,1,1,1,1,0,0
276,1,1,1,1,1,1,0,1,1,1,1,0
1092,1,0,1,0,1,0,1,1,0,1,0,0
1073,0,1,0,0,0,0,0,0,0,0,0,1
1738,0,1,0,0,1,0,0,0,0,0,0,0
1333,1,1,0,1,1,1,0,0,0,0,0,1
1741,1,0,0,0,0,0,0,0,1,0,0,0
756,1,1,1,0,1,0,0,0,1,0,0,1
731,0,0,1,0,0,0,0,1,0,1,0,1
316,1,1,1,1,1,1,0,1,0,1,1,1
703,0,1,0,0,1,1,1,1,0,0,0,1
808,1,0,1,1,1,0,1,0,1,0,0,0
1330,0,1,0,0,0,0,0,0,0,0,0,1
598,0,0,0,0,0,0,1,1,0,0,1,1
1354,0,0,1,0,1,0,1,0,0,1,0,0
185,0,0,0,0,0,0,0,0,0,1,1,0
177,1,0,1,1,0,0,0,0,1,0,1,1
671,1,0,0,0,0,0,1,1,1,1,1,0
1946,0,0,0,0,1,0,0,0,0,0,1,0
208,0,0,0,0,0,1,1,1,0,0,1,0
896,0,1,0,1,0,0,0,0,0,0,0,0
61,1,0,0,1,0,0,0,0,1,0,1,0
506,1,0,0,0,1,1,0,0,1,0,0,0
1022,1,0,1,0,1,1,0,0,1,0,1,0
1907,0,0,0,0,1,1,0,0,1,0,0,1
287,1,1,1,1,1,1,1,1,0,1,1,0
437,0,1,0,0,0,1,0,0,0,0,0,0
1169,0,1,1,0,0,0,0,1,0,1,1,1
209,0,0,0,0,0,1,0,0,1,0,0,0
843,1,0,0,0,0,0,1,0,0,0,0,0
615,1,0,1,1,1,1,1,1,1,1,0,1
630,0,0,0,0,1,0,0,0,1,0,0,0
503,0,1,0,1,1,0,0,1,1,0,0,1
1933,1,1,0,1,1,1,1,0,1,0,0,1
1127,0,0,0,0,1,0,1,1,0,0,0,1
180,1,0,1,1,1,0,1,1,0,0,0,0
1803,1,1,0,1,0,1,1,1,1,0,1,0
698,1,0,0,0,0,0,0,1,0,0,0,0
1806,1,0,0,0,1,0,1,1,0,0,0,0
551,1,0,1,1,1,1,1,0,0,1,0,1
1403,0,0,1,0,0,0,0,0,0,0,0,1
1131,0,1,1,0,1,1,1,1,0,0,0,0
308,1,1,1,1,1,1,1,0,1,0,1,1
729,0,0,0,0,1,0,1,0,0,0,0,0
1179,0,1,0,0,0,1,0,0,0,0,0,0
105,0,0,1,0,1,0,1,0,0,0,0,1
347,1,1,1,1,1,0,1,0,1,1,1,1
1467,1,1,1,1,1,1,1,1,1,1,1,1
1884,1,0,0,0,0,1,0,0,1,0,0,1
962,0,0,0,0,1,1,1,1,0,0,0,0
1739,0,0,0,0,1,0,0,0,0,0,0,1
948,0,0,0,0,0,0,1,1,0,0,0,0
196,1,1,1,1,1,1,0,0,0,0,1,1
1715,1,1,0,0,1,0,0,1,1,1,0,0
1948,0,0,0,1,0,0,1,0,0,0,0,0
402,0,1,0,0,0,0,0,0,0,0,1,0
1397,0,0,1,0,0,1,0,0,0,0,0,0
1539,1,1,0,0,0,0,0,0,0,0,0,0
775,1,1,1,1,1,1,1,1,1,1,1,1
90,1,0,1,1,0,0,1,1,0,0,0,1
725,1,0,0,0,0,0,0,0,0,1,0,0
1662,1,0,0,1,0,1,1,1,0,0,1,0
579,1,0,0,0,0,0,0,0,1,0,0,0
613,1,0,1,1,1,1,1,1,1,1,0,1
739,0,1,0,0,1,1,0,0,0,1,0,0
987,1,1,1,0,0,0,1,0,0,1,1,0
395,0,0,0,0,1,0,0,0,0,0,0,1
1233,0,0,0,1,0,0,0,0,0,1,0,0
1453,1,0,0,0,0,0,0,1,0,0,0,0
571,1,0,1,0,0,0,0,0,0,0,0,0
851,0,0,0,0,0,0,1,1,0,0,0,0
481,0,0,0,1,1,0,1,1,0,0,0,0
1314,0,0,0,1,0,0,0,0,1,0,0,0
1214,0,0,0,0,0,1,1,1,0,0,1,0
1596,0,0,1,0,0,1,1,1,0,0,0,0
1855,0,0,0,1,0,0,0,1,0,0,0,0
1494,1,1,0,0,0,1,0,0,0,1,0,0
220,1,1,1,0,0,0,0,0,0,0,1,0
1421,0,0,1,0,0,0,0,0,1,0,0,0
1716,1,0,0,0,0,0,0,1,0,0,0,0
283,1,1,1,1,1,1,1,1,0,1,1,0
1178,0,1,0,0,0,1,0,0,0,0,0,0
894,0,1,0,1,1,0,0,0,0,1,0,0
327,1,1,1,1,1,1,1,1,1,0,1,0
822,1,0,0,1,0,1,1,1,0,1,0,0
466,1,0,0,0,0,0,0,0,1,0,0,0
127,0,0,0,0,1,1,0,1,0,0,0,1
1521,1,1,1,1,1,0,1,1,1,0,1,1
1813,0,0,1,0,1,0,0,1,0,1,0,0
1196,1,1,0,1,1,0,1,1,0,1,0,1
236,1,1,1,1,1,1,1,1,1,1,1,1
991,0,0,0,0,1,0,0,0,0,1,0,0
1730,1,1,1,1,1,0,1,1,1,1,0,1
56,1,1,0,1,0,1,0,1,1,1,0,1
1851,1,1,1,1,1,0,0,1,1,1,1,1
14,0,1,1,0,1,0,0,0,1,0,1,1
1347,1,0,1,0,0,0,0,1,1,0,0,0
1440,0,0,0,0,0,1,0,0,0,0,1,0
1378,1,1,1,1,1,1,1,1,1,1,1,1
489,1,1,0,1,0,0,1,0,0,1,0,1
1456,1,1,1,1,1,1,0,0,1,0,1,0
864,1,1,1,1,0,0,0,0,1,0,0,1
1863,0,1,0,0,0,1,0,0,0,0,0,0
413,1,1,1,1,1,1,1,1,1,1,1,1
1245,1,0,0,0,0,0,0,1,0,0,0,0
150,1,1,0,0,0,0,1,0,1,1,1,0
699,0,1,1,1,1,1,1,0,1,0,0,1
436,0,1,0,0,0,0,1,0,0,0,0,0
1069,0,0,0,0,1,0,0,0,0,1,0,0
354,1,1,1,1,1,1,0,1,1,0,1,1
271,1,1,0,1,0,0,1,0,0,1,0,1
1159,0,0,0,0,1,1,0,0,1,0,0,1
210,0,0,0,1,1,0,1,1,0,0,0,0
1704,0,0,0,0,1,0,0,0,1,0,0,0
290,1,1,1,1,1,0,0,1,1,1,1,1
87,0,0,0,0,0,1,1,0,0,0,0,0
509,1,1,0,1,1,1,1,1,1,1,1,0
305,1,1,1,1,1,1,1,0,1,0,1,1
1843,0,0,1,0,0,0,0,1,0,0,0,0
1883,1,0,0,0,0,1,1,0,0,1,0,0
761,1,1,0,0,1,1,0,1,1,0,0,0
360,1,1,1,1,1,1,1,0,1,0,1,1
527,0,1,1,0,0,0,0,0,0,0,0,0
789,1,1,0,0,1,0,0,0,0,1,0,0
1719,1,0,0,1,0,0,0,0,0,0,0,0
1630,1,0,1,0,0,0,0,0,0,0,0,0
1623,0,1,0,0,1,0,0,0,0,0,0,0
1030,0,1,0,1,0,0,0,0,0,0,0,0
1432,0,0,1,0,0,0,0,0,0,1,0,0
1066,0,0,1,1,0,1,1,0,0,0,0,0
267,0,0,1,0,0,0,1,1,0,0,1,0
1854,1,0,0,1,0,1,0,0,0,0,0,1
895,1,1,1,1,1,1,1,1,1,1,1,1
654,0,0,1,0,1,1,1,0,1,0,0,1
1607,0,0,0,1,0,0,0,0,0,1,0,0
863,1,1,0,1,1,0,0,0,1,1,0,0
1095,1,0,0,1,1,1,0,1,0,1,1,1
564,0,1,1,0,0,0,0,1,0,1,0,0
651,1,1,1,0,1,0,0,1,1,0,0,0
1925,1,1,1,0,1,0,0,0,1,0,1,0
1685,1,0,0,1,0,0,1,1,1,0,1,0
1249,1,0,1,1,0,1,1,1,0,0,0,0
455,1,0,0,0,1,1,0,0,1,0,1,1
1510,1,1,1,1,1,1,1,0,1,0,1,1
1250,1,0,0,0,0,1,1,1,1,1,0,0
112,1,0,0,0,1,0,0,0,0,0,0,0
1015,0,0,0,0,0,0,1,0,0,1,0,0
531,1,1,1,1,0,0,0,1,1,1,1,0
584,0,1,0,1,0,0,1,1,0,1,1,0
486,0,1,0,0,0,0,0,0,0,1,0,0
231,0,0,0,0,1,0,0,1,0,0,0,0
1168,0,0,1,0,0,0,0,0,0,1,0,0
1040,1,1,1,1,1,1,1,1,1,1,1,1
1943,0,1,0,0,0,0,0,0,0,1,0,0
422,0,0,1,1,1,0,0,0,1,0,0,0
1424,0,1,0,0,0,0,0,0,0,1,0,0
1922,0,0,1,0,1,0,0,0,0,0,0,0
1153,0,1,0,0,0,0,0,0,0,0,0,1
1059,0,0,1,1,1,0,1,0,0,0,1,1
1161,0,0,0,0,0,1,0,0,0,0,0,1
391,0,0,0,1,1,0,0,0,0,0,0,0
1947,0,0,0,1,0,0,0,0,0,0,1,0
1568,0,0,0,0,0,0,1,0,0,1,0,0
1722,1,0,1,1,0,0,0,0,0,0,1,0
298,1,1,1,1,1,0,1,1,1,0,1,1
927,0,0,0,0,0,0,1,1,0,0,0,0
1026,0,0,0,0,0,1,0,0,0,0,1,0
623,1,1,1,1,0,0,1,1,0,0,0,0
504,1,1,0,1,1,1,0,0,1,0,0,0
778,1,1,1,1,1,1,1,1,1,1,1,1
20,0,0,1,0,0,1,1,1,0,0,0,0
1316,0,1,0,0,0,0,0,0,1,0,0,0
17,0,0,0,0,1,0,0,0,0,0,0,1
1205,1,1,1,1,1,1,0,1,0,1,1,1
340,1,0,1,1,1,0,0,0,0,0,0,0
1458,1,0,1,1,1,0,0,0,0,0,1,1
1694,0,1,0,0,0,0,0,0,0,0,0,1
1508,0,1,1,1,1,0,0,0,0,1,0,1
78,1,1,0,0,0,0,1,1,0,0,0,0
1215,1,0,0,1,0,0,0,1,0,0,1,0
1714,1,0,1,0,1,0,1,1,1,0,0,0
54,1,0,0,0,0,0,0,1,0,0,0,0
1728,1,1,1,1,1,1,0,1,1,1,0,1
1782,0,1,1,1,1,0,1,1,0,1,0,1
1561,0,0,0,0,0,0,1,0,0,1,0,0
1117,0,1,0,0,0,0,0,0,1,1,0,1
657,0,1,0,0,0,0,0,0,0,0,0,1
809,1,0,1,0,1,0,1,0,1,0,0,1
1454,0,0,1,1,0,0,0,0,0,0,0,0
984,1,1,0,0,0,0,1,0,0,1,0,0
994,1,1,0,1,1,0,1,0,1,0,0,0
1885,1,0,1,0,0,1,0,0,0,1,0,0
905,0,0,0,1,0,0,0,0,0,0,0,1
629,0,1,1,0,1,0,1,1,0,0,1,0
500,1,1,1,1,1,0,0,0,1,1,0,1
545,0,0,1,0,0,1,0,0,1,0,0,1
1847,1,0,0,0,0,1,1,0,1,0,0,0
510,1,1,1,1,0,1,1,1,1,1,0,1
722,0,0,0,0,1,0,1,0,0,0,0,0
1373,1,1,1,1,0,0,0,1,0,0,1,0
1302,0,0,1,0,0,0,0,0,0,1,0,0
1164,1,1,1,1,0,0,1,1,0,0,0,0
274,1,1,1,1,1,1,1,1,0,1,1,0
921,0,1,1,0,1,0,1,1,1,0,1,1
861,1,1,0,0,0,0,0,0,0,0,0,0
1465,1,0,0,1,0,0,0,0,0,0,0,0
1675,0,1,1,1,0,0,0,0,1,0,0,0
1435,1,0,0,0,0,0,0,0,0,0,0,1
250,0,0,1,0,1,0,0,0,1,0,1,0
272,1,1,1,1,1,1,0,1,1,1,0,1
471,1,1,1,1,0,1,1,0,1,0,1,0
793,1,1,1,1,1,1,1,1,1,1,1,1
1396,0,1,0,1,0,0,0,0,0,0,0,0
1207,1,1,1,1,1,1,1,1,1,1,1,1
1865,1,0,0,0,0,0,0,0,1,0,0,0
188,0,0,0,1,0,0,0,0,0,0,1,0
326,1,1,1,1,1,1,1,1,1,0,0,1
1158,1,0,1,0,1,1,1,1,0,0,1,1
